--------------------------------------------------------
--  Arquivo criado - Quarta-feira-Dezembro-07-2016   
--------------------------------------------------------
--------------------------------------------------------
--  DDL for View MGV_ALL_TABLES
--------------------------------------------------------

  CREATE OR REPLACE FORCE VIEW "VIDEOCLUB"."MGV_ALL_TABLES" ("PROJECT_ID", "PROJECT_NAME", "CONNECTION_ID", "HOST", "PORT", "USERNAME", "DBURL", "CATALOG_ID", "CATALOG_NAME", "SCHEMA_ID", "SCHEMA_NAME", "TABLE_ID", "TABLE_NAME") AS 
  SELECT md_projects.id project_id ,
    md_projects.project_name project_name,
    md_connections.id connection_id ,
    md_connections.host host ,
    md_connections.port port ,
    md_connections.username username ,
    md_connections.dburl dburl ,
    md_catalogs.id catalog_id ,
    md_catalogs.catalog_name catalog_name,
    md_schemas.id schema_id ,
    md_schemas.name schema_name ,
    md_tables.id table_id ,
    md_tables.TABLE_NAME TABLE_NAME
  FROM md_connections,
    md_catalogs ,
    md_schemas ,
    md_tables ,
    md_projects
  WHERE md_tables.schema_id_fk     = md_schemas.id
  AND md_schemas.catalog_id_fk     = md_catalogs.id
  AND md_catalogs.connection_id_fk = md_connections.id
  AND md_connections.project_id_fk = md_projects.id
WITH READ ONLY;
--------------------------------------------------------
--  DDL for Table ATOR
--------------------------------------------------------

  CREATE TABLE "VIDEOCLUB"."ATOR" 
   (	"NOME" VARCHAR2(20 BYTE), 
	"PAIS" VARCHAR2(20 BYTE), 
	"DATA_NASCIMENTO" VARCHAR2(20 BYTE), 
	"ID" VARCHAR2(20 BYTE)
   ) SEGMENT CREATION IMMEDIATE 
  PCTFREE 10 PCTUSED 40 INITRANS 1 MAXTRANS 255 NOCOMPRESS LOGGING
  STORAGE(INITIAL 65536 NEXT 1048576 MINEXTENTS 1 MAXEXTENTS 2147483645
  PCTINCREASE 0 FREELISTS 1 FREELIST GROUPS 1 BUFFER_POOL DEFAULT FLASH_CACHE DEFAULT CELL_FLASH_CACHE DEFAULT)
  TABLESPACE "TBS_DADOS" ;
--------------------------------------------------------
--  DDL for Table COPIAS
--------------------------------------------------------

  CREATE TABLE "VIDEOCLUB"."COPIAS" 
   (	"ID" NUMBER(*,0), 
	"IDFILME" VARCHAR2(20 BYTE), 
	"DATA_AQUISICAO" VARCHAR2(20 BYTE), 
	"ESTADO" VARCHAR2(20 BYTE), 
	"ETIQUETA" VARCHAR2(20 BYTE)
   ) SEGMENT CREATION IMMEDIATE 
  PCTFREE 10 PCTUSED 40 INITRANS 1 MAXTRANS 255 NOCOMPRESS LOGGING
  STORAGE(INITIAL 65536 NEXT 1048576 MINEXTENTS 1 MAXEXTENTS 2147483645
  PCTINCREASE 0 FREELISTS 1 FREELIST GROUPS 1 BUFFER_POOL DEFAULT FLASH_CACHE DEFAULT CELL_FLASH_CACHE DEFAULT)
  TABLESPACE "TBS_DADOS" ;
--------------------------------------------------------
--  DDL for Table DIRETOR
--------------------------------------------------------

  CREATE TABLE "VIDEOCLUB"."DIRETOR" 
   (	"NOME" VARCHAR2(26 BYTE), 
	"PAIS" VARCHAR2(26 BYTE), 
	"DATA_NASCIMENTO" VARCHAR2(26 BYTE), 
	"ID" NUMBER
   ) SEGMENT CREATION IMMEDIATE 
  PCTFREE 10 PCTUSED 40 INITRANS 1 MAXTRANS 255 NOCOMPRESS LOGGING
  STORAGE(INITIAL 65536 NEXT 1048576 MINEXTENTS 1 MAXEXTENTS 2147483645
  PCTINCREASE 0 FREELISTS 1 FREELIST GROUPS 1 BUFFER_POOL DEFAULT FLASH_CACHE DEFAULT CELL_FLASH_CACHE DEFAULT)
  TABLESPACE "TBS_DADOS" ;
--------------------------------------------------------
--  DDL for Table EMPRESTIMO
--------------------------------------------------------

  CREATE TABLE "VIDEOCLUB"."EMPRESTIMO" 
   (	"IDEMPRESTIMO" NUMBER, 
	"IDSOCIO" VARCHAR2(20 BYTE), 
	"DATA_EMPRESTIMO" VARCHAR2(20 BYTE), 
	"DATA_DEVOLUCAO" VARCHAR2(20 BYTE), 
	"VALOR_PAGO" VARCHAR2(20 BYTE), 
	"PAGAMENTO" NUMBER, 
	"DEVOLVIDO" NUMBER, 
	"VALOR_COBRADO" VARCHAR2(20 BYTE), 
	"IDCOPIA" VARCHAR2(20 BYTE)
   ) SEGMENT CREATION IMMEDIATE 
  PCTFREE 10 PCTUSED 40 INITRANS 1 MAXTRANS 255 NOCOMPRESS LOGGING
  STORAGE(INITIAL 65536 NEXT 1048576 MINEXTENTS 1 MAXEXTENTS 2147483645
  PCTINCREASE 0 FREELISTS 1 FREELIST GROUPS 1 BUFFER_POOL DEFAULT FLASH_CACHE DEFAULT CELL_FLASH_CACHE DEFAULT)
  TABLESPACE "TBS_DADOS" ;
--------------------------------------------------------
--  DDL for Table FILME
--------------------------------------------------------

  CREATE TABLE "VIDEOCLUB"."FILME" 
   (	"ID" NUMBER, 
	"TITULO" VARCHAR2(100 BYTE), 
	"DURACAO" NUMBER, 
	"ANO" NUMBER, 
	"GENERO" VARCHAR2(20 BYTE), 
	"DIRETOR" VARCHAR2(20 BYTE), 
	"ATOR1" VARCHAR2(20 BYTE), 
	"ATOR2" VARCHAR2(20 BYTE)
   ) SEGMENT CREATION IMMEDIATE 
  PCTFREE 10 PCTUSED 40 INITRANS 1 MAXTRANS 255 NOCOMPRESS LOGGING
  STORAGE(INITIAL 65536 NEXT 1048576 MINEXTENTS 1 MAXEXTENTS 2147483645
  PCTINCREASE 0 FREELISTS 1 FREELIST GROUPS 1 BUFFER_POOL DEFAULT FLASH_CACHE DEFAULT CELL_FLASH_CACHE DEFAULT)
  TABLESPACE "TBS_DADOS" ;
--------------------------------------------------------
--  DDL for Table GENERO
--------------------------------------------------------

  CREATE TABLE "VIDEOCLUB"."GENERO" 
   (	"ID" NUMBER, 
	"NOME" VARCHAR2(20 BYTE), 
	"SIGLA" VARCHAR2(20 BYTE)
   ) SEGMENT CREATION IMMEDIATE 
  PCTFREE 10 PCTUSED 40 INITRANS 1 MAXTRANS 255 NOCOMPRESS LOGGING
  STORAGE(INITIAL 65536 NEXT 1048576 MINEXTENTS 1 MAXEXTENTS 2147483645
  PCTINCREASE 0 FREELISTS 1 FREELIST GROUPS 1 BUFFER_POOL DEFAULT FLASH_CACHE DEFAULT CELL_FLASH_CACHE DEFAULT)
  TABLESPACE "TBS_DADOS" ;
--------------------------------------------------------
--  DDL for Table SOCIO
--------------------------------------------------------

  CREATE TABLE "VIDEOCLUB"."SOCIO" 
   (	"CPF" VARCHAR2(20 BYTE), 
	"NOME" VARCHAR2(50 BYTE), 
	"ENDERECO" VARCHAR2(100 BYTE), 
	"TELEFONE" VARCHAR2(20 BYTE), 
	"MATRICULA" NUMBER
   ) SEGMENT CREATION IMMEDIATE 
  PCTFREE 10 PCTUSED 40 INITRANS 1 MAXTRANS 255 NOCOMPRESS LOGGING
  STORAGE(INITIAL 65536 NEXT 1048576 MINEXTENTS 1 MAXEXTENTS 2147483645
  PCTINCREASE 0 FREELISTS 1 FREELIST GROUPS 1 BUFFER_POOL DEFAULT FLASH_CACHE DEFAULT CELL_FLASH_CACHE DEFAULT)
  TABLESPACE "TBS_DADOS" ;
--------------------------------------------------------
--  DDL for Table USUARIOS
--------------------------------------------------------

  CREATE TABLE "VIDEOCLUB"."USUARIOS" 
   (	"USUARIO" VARCHAR2(20 BYTE), 
	"SENHA" VARCHAR2(8 BYTE), 
	"ID" NUMBER
   ) SEGMENT CREATION IMMEDIATE 
  PCTFREE 10 PCTUSED 40 INITRANS 1 MAXTRANS 255 NOCOMPRESS LOGGING
  STORAGE(INITIAL 65536 NEXT 1048576 MINEXTENTS 1 MAXEXTENTS 2147483645
  PCTINCREASE 0 FREELISTS 1 FREELIST GROUPS 1 BUFFER_POOL DEFAULT FLASH_CACHE DEFAULT CELL_FLASH_CACHE DEFAULT)
  TABLESPACE "TBS_DADOS" ;
--------------------------------------------------------
--  DDL for Sequence ATOR_SEQ1
--------------------------------------------------------

   CREATE SEQUENCE  "VIDEOCLUB"."ATOR_SEQ1"  MINVALUE 1 MAXVALUE 9999999999999999999999999999 INCREMENT BY 1 START WITH 21 CACHE 20 NOORDER  NOCYCLE ;
--------------------------------------------------------
--  DDL for Sequence COPIAS_SEQ
--------------------------------------------------------

   CREATE SEQUENCE  "VIDEOCLUB"."COPIAS_SEQ"  MINVALUE 1 MAXVALUE 9999999999999999999999999999 INCREMENT BY 1 START WITH 21 CACHE 20 NOORDER  NOCYCLE ;
--------------------------------------------------------
--  DDL for Sequence COPIAS_SEQ1
--------------------------------------------------------

   CREATE SEQUENCE  "VIDEOCLUB"."COPIAS_SEQ1"  MINVALUE 1 MAXVALUE 9999999999999999999999999999 INCREMENT BY 1 START WITH 21 CACHE 20 NOORDER  NOCYCLE ;
--------------------------------------------------------
--  DDL for Sequence DIRETORES_SEQ
--------------------------------------------------------

   CREATE SEQUENCE  "VIDEOCLUB"."DIRETORES_SEQ"  MINVALUE 1 MAXVALUE 9999999999999999999999999999 INCREMENT BY 1 START WITH 41 CACHE 20 NOORDER  NOCYCLE ;
--------------------------------------------------------
--  DDL for Sequence EMPRESTIMO_SEQ
--------------------------------------------------------

   CREATE SEQUENCE  "VIDEOCLUB"."EMPRESTIMO_SEQ"  MINVALUE 1 MAXVALUE 9999999999999999999999999999 INCREMENT BY 1 START WITH 41 CACHE 20 NOORDER  NOCYCLE ;
--------------------------------------------------------
--  DDL for Sequence FILME_SEQ
--------------------------------------------------------

   CREATE SEQUENCE  "VIDEOCLUB"."FILME_SEQ"  MINVALUE 1 MAXVALUE 9999999999999999999999999999 INCREMENT BY 1 START WITH 241 CACHE 20 NOORDER  NOCYCLE ;
--------------------------------------------------------
--  DDL for Sequence GENERO_SEQ
--------------------------------------------------------

   CREATE SEQUENCE  "VIDEOCLUB"."GENERO_SEQ"  MINVALUE 1 MAXVALUE 9999999999999999999999999999 INCREMENT BY 1 START WITH 41 CACHE 20 NOORDER  NOCYCLE ;
--------------------------------------------------------
--  DDL for Sequence SOCIO_SEQ
--------------------------------------------------------

   CREATE SEQUENCE  "VIDEOCLUB"."SOCIO_SEQ"  MINVALUE 1 MAXVALUE 9999999999999999999999999999 INCREMENT BY 1 START WITH 81 CACHE 20 NOORDER  NOCYCLE ;
--------------------------------------------------------
--  DDL for Sequence USERS_SEQ
--------------------------------------------------------

   CREATE SEQUENCE  "VIDEOCLUB"."USERS_SEQ"  MINVALUE 1 MAXVALUE 9999999999999999999999999999 INCREMENT BY 1 START WITH 41 CACHE 20 NOORDER  NOCYCLE ;
REM INSERTING into VIDEOCLUB.ATOR
SET DEFINE OFF;
Insert into VIDEOCLUB.ATOR (NOME,PAIS,DATA_NASCIMENTO,ID) values ('Kelly Castillo','Brasil','23/02/1973','1');
Insert into VIDEOCLUB.ATOR (NOME,PAIS,DATA_NASCIMENTO,ID) values ('Clarence Hart','China','06/07/1963','2');
Insert into VIDEOCLUB.ATOR (NOME,PAIS,DATA_NASCIMENTO,ID) values ('Justin Peterson','Czech Republic','18/07/1965','3');
Insert into VIDEOCLUB.ATOR (NOME,PAIS,DATA_NASCIMENTO,ID) values ('Howard Rodriguez','Indonesia','04/05/1964','5');
Insert into VIDEOCLUB.ATOR (NOME,PAIS,DATA_NASCIMENTO,ID) values ('Donna Stone','Sweden','11/03/1979','6');
Insert into VIDEOCLUB.ATOR (NOME,PAIS,DATA_NASCIMENTO,ID) values ('Cynthia Bell','Portugal','07/04/1972','7');
Insert into VIDEOCLUB.ATOR (NOME,PAIS,DATA_NASCIMENTO,ID) values ('Nicholas Gordon','China','30/12/1955','8');
Insert into VIDEOCLUB.ATOR (NOME,PAIS,DATA_NASCIMENTO,ID) values ('Phyllis Fisher','China','26/05/1987','9');
Insert into VIDEOCLUB.ATOR (NOME,PAIS,DATA_NASCIMENTO,ID) values ('Brenda Fields','Mexico','24/09/1965','10');
REM INSERTING into VIDEOCLUB.COPIAS
SET DEFINE OFF;
Insert into VIDEOCLUB.COPIAS (ID,IDFILME,DATA_AQUISICAO,ESTADO,ETIQUETA) values ('3','166','01/10/2016','Bom','P305-5');
Insert into VIDEOCLUB.COPIAS (ID,IDFILME,DATA_AQUISICAO,ESTADO,ETIQUETA) values ('5','170','08/05/2015','Ruim','C503-4');
Insert into VIDEOCLUB.COPIAS (ID,IDFILME,DATA_AQUISICAO,ESTADO,ETIQUETA) values ('7','167','01/03/2016','Ruim','D509-2');
REM INSERTING into VIDEOCLUB.DIRETOR
SET DEFINE OFF;
Insert into VIDEOCLUB.DIRETOR (NOME,PAIS,DATA_NASCIMENTO,ID) values ('Stanley Kubrick','Brazil','04/27/1960','11');
Insert into VIDEOCLUB.DIRETOR (NOME,PAIS,DATA_NASCIMENTO,ID) values ('Christopher Nolan','Japao','10/11/1957','12');
Insert into VIDEOCLUB.DIRETOR (NOME,PAIS,DATA_NASCIMENTO,ID) values ('Steven Speilberg','Portugal','11/02/1983','13');
Insert into VIDEOCLUB.DIRETOR (NOME,PAIS,DATA_NASCIMENTO,ID) values ('Quentin Tarantino','United Kingdom','03/06/1978','14');
Insert into VIDEOCLUB.DIRETOR (NOME,PAIS,DATA_NASCIMENTO,ID) values ('Alfred Hitchcock','Brazil','04/27/1960','16');
Insert into VIDEOCLUB.DIRETOR (NOME,PAIS,DATA_NASCIMENTO,ID) values ('Spike Lee','China','10/11/1957','17');
Insert into VIDEOCLUB.DIRETOR (NOME,PAIS,DATA_NASCIMENTO,ID) values ('George Lucas','Portugal','11/02/1983','18');
Insert into VIDEOCLUB.DIRETOR (NOME,PAIS,DATA_NASCIMENTO,ID) values ('Clint Eastwood','United Kingdom','03/06/1978','19');
Insert into VIDEOCLUB.DIRETOR (NOME,PAIS,DATA_NASCIMENTO,ID) values ('Woody Allen','China','08/16/1990','20');
REM INSERTING into VIDEOCLUB.EMPRESTIMO
SET DEFINE OFF;
Insert into VIDEOCLUB.EMPRESTIMO (IDEMPRESTIMO,IDSOCIO,DATA_EMPRESTIMO,DATA_DEVOLUCAO,VALOR_PAGO,PAGAMENTO,DEVOLVIDO,VALOR_COBRADO,IDCOPIA) values ('22','63','10/12/2016','11/12/2016','9','1','1','9','3');
Insert into VIDEOCLUB.EMPRESTIMO (IDEMPRESTIMO,IDSOCIO,DATA_EMPRESTIMO,DATA_DEVOLUCAO,VALOR_PAGO,PAGAMENTO,DEVOLVIDO,VALOR_COBRADO,IDCOPIA) values ('23','17','10/12/2016','10/12/2016','9','0','0','9','7');
Insert into VIDEOCLUB.EMPRESTIMO (IDEMPRESTIMO,IDSOCIO,DATA_EMPRESTIMO,DATA_DEVOLUCAO,VALOR_PAGO,PAGAMENTO,DEVOLVIDO,VALOR_COBRADO,IDCOPIA) values ('24','20','05/12/2016','06/12/2016','5','1','0','5','5');
REM INSERTING into VIDEOCLUB.FILME
SET DEFINE OFF;
Insert into VIDEOCLUB.FILME (ID,TITULO,DURACAO,ANO,GENERO,DIRETOR,ATOR1,ATOR2) values ('165','¿Quién mató a Pablo Escobar?','91','2014','26','15','2','7');
Insert into VIDEOCLUB.FILME (ID,TITULO,DURACAO,ANO,GENERO,DIRETOR,ATOR1,ATOR2) values ('166','20.000 besos','144','2013','13','20','2','9');
Insert into VIDEOCLUB.FILME (ID,TITULO,DURACAO,ANO,GENERO,DIRETOR,ATOR1,ATOR2) values ('167','A Green Journey','127','1990','14','11','8','8');
Insert into VIDEOCLUB.FILME (ID,TITULO,DURACAO,ANO,GENERO,DIRETOR,ATOR1,ATOR2) values ('168','A lista','134','2010','17','18','6','9');
Insert into VIDEOCLUB.FILME (ID,TITULO,DURACAO,ANO,GENERO,DIRETOR,ATOR1,ATOR2) values ('169','A Marca da Forca','115','1968','18','16','8','6');
Insert into VIDEOCLUB.FILME (ID,TITULO,DURACAO,ANO,GENERO,DIRETOR,ATOR1,ATOR2) values ('170','À procura da felicidade','106','2006','19','17','7','3');
Insert into VIDEOCLUB.FILME (ID,TITULO,DURACAO,ANO,GENERO,DIRETOR,ATOR1,ATOR2) values ('171','American Dragon','119','1998','20','16','2','6');
REM INSERTING into VIDEOCLUB.GENERO
SET DEFINE OFF;
Insert into VIDEOCLUB.GENERO (ID,NOME,SIGLA) values ('26','Teste','555');
Insert into VIDEOCLUB.GENERO (ID,NOME,SIGLA) values ('13','Ação','aca');
Insert into VIDEOCLUB.GENERO (ID,NOME,SIGLA) values ('14','Aventura','Ave');
Insert into VIDEOCLUB.GENERO (ID,NOME,SIGLA) values ('17','Comédia','Com');
Insert into VIDEOCLUB.GENERO (ID,NOME,SIGLA) values ('18','Cult','Cul');
Insert into VIDEOCLUB.GENERO (ID,NOME,SIGLA) values ('19','Dança','Dan');
Insert into VIDEOCLUB.GENERO (ID,NOME,SIGLA) values ('20','Documentários','Doc');
Insert into VIDEOCLUB.GENERO (ID,NOME,SIGLA) values ('21','Drama','Dra');
Insert into VIDEOCLUB.GENERO (ID,NOME,SIGLA) values ('22','Espionagem','Esp');
Insert into VIDEOCLUB.GENERO (ID,NOME,SIGLA) values ('24','Fantasia','Fan');
REM INSERTING into VIDEOCLUB.SOCIO
SET DEFINE OFF;
Insert into VIDEOCLUB.SOCIO (CPF,NOME,ENDERECO,TELEFONE,MATRICULA) values ('333','Joao','Qualquer','123','63');
Insert into VIDEOCLUB.SOCIO (CPF,NOME,ENDERECO,TELEFONE,MATRICULA) values ('237036954','Stephanie Lopez','1 Pierstorff Court','629856258282','14');
Insert into VIDEOCLUB.SOCIO (CPF,NOME,ENDERECO,TELEFONE,MATRICULA) values ('50944002','Frances Garcia','38152 Spenser Parkway','3551305386568','15');
Insert into VIDEOCLUB.SOCIO (CPF,NOME,ENDERECO,TELEFONE,MATRICULA) values ('445774593','Virginia Greene','4197 Golf View Trail','629921916964','16');
Insert into VIDEOCLUB.SOCIO (CPF,NOME,ENDERECO,TELEFONE,MATRICULA) values ('887996647','Todd Dixon','32 Hooker Point','866396520362','17');
Insert into VIDEOCLUB.SOCIO (CPF,NOME,ENDERECO,TELEFONE,MATRICULA) values ('297769224','Terry Carroll','14 Hallows Trail','487725973423','18');
Insert into VIDEOCLUB.SOCIO (CPF,NOME,ENDERECO,TELEFONE,MATRICULA) values ('401707230','Dorothy Robertson','7487 Express Drive','625125585908','19');
Insert into VIDEOCLUB.SOCIO (CPF,NOME,ENDERECO,TELEFONE,MATRICULA) values ('360763243','Carolyn Ross','73 Dixon Alley','865584379470','20');
Insert into VIDEOCLUB.SOCIO (CPF,NOME,ENDERECO,TELEFONE,MATRICULA) values ('95031340','Rachel Chavez','99 Schurz Park','308444618894','21');
Insert into VIDEOCLUB.SOCIO (CPF,NOME,ENDERECO,TELEFONE,MATRICULA) values ('602074435','Helen Cook','31 Brickson Park Park','624518998872','22');
Insert into VIDEOCLUB.SOCIO (CPF,NOME,ENDERECO,TELEFONE,MATRICULA) values ('47639995','James Gonzales','00697 Waywood Junction','19254034116','23');
Insert into VIDEOCLUB.SOCIO (CPF,NOME,ENDERECO,TELEFONE,MATRICULA) values ('78333612','Larry Ferguson','79 Corscot Drive','3804837105047','24');
Insert into VIDEOCLUB.SOCIO (CPF,NOME,ENDERECO,TELEFONE,MATRICULA) values ('695408713','John Roberts','40 Londonderry Road','481532391078','25');
Insert into VIDEOCLUB.SOCIO (CPF,NOME,ENDERECO,TELEFONE,MATRICULA) values ('75108602','Dennis Hudson','257 Sutteridge Center','861524077340','26');
Insert into VIDEOCLUB.SOCIO (CPF,NOME,ENDERECO,TELEFONE,MATRICULA) values ('496665516','Aaron Fernandez','495 Village Green Court','4203793102694','27');
Insert into VIDEOCLUB.SOCIO (CPF,NOME,ENDERECO,TELEFONE,MATRICULA) values ('826031194','Amanda Simmons','00 Warner Crossing','3588868650475','28');
Insert into VIDEOCLUB.SOCIO (CPF,NOME,ENDERECO,TELEFONE,MATRICULA) values ('945438037','Rachel Hunter','9 Kenwood Alley','621269507853','29');
Insert into VIDEOCLUB.SOCIO (CPF,NOME,ENDERECO,TELEFONE,MATRICULA) values ('673066003','Phillip Barnes','79 Clove Drive','5027721121251','30');
Insert into VIDEOCLUB.SOCIO (CPF,NOME,ENDERECO,TELEFONE,MATRICULA) values ('557844061','Wanda Andrews','63142 Havey Plaza','633591527278','31');
Insert into VIDEOCLUB.SOCIO (CPF,NOME,ENDERECO,TELEFONE,MATRICULA) values ('352545068','Cheryl Gilbert','2 Boyd Terrace','929468799890','33');
Insert into VIDEOCLUB.SOCIO (CPF,NOME,ENDERECO,TELEFONE,MATRICULA) values ('557816485','Cynthia Wood','5 Portage Avenue','625368381385','34');
Insert into VIDEOCLUB.SOCIO (CPF,NOME,ENDERECO,TELEFONE,MATRICULA) values ('451281946','Sharon Wallace','6421 Prairieview Junction','559437231371','35');
Insert into VIDEOCLUB.SOCIO (CPF,NOME,ENDERECO,TELEFONE,MATRICULA) values ('812556364','Jonathan Carter','0018 Rieder Way','861221942614','36');
Insert into VIDEOCLUB.SOCIO (CPF,NOME,ENDERECO,TELEFONE,MATRICULA) values ('878917212','Carlos Alexander','65630 Merry Circle','863823370223','37');
Insert into VIDEOCLUB.SOCIO (CPF,NOME,ENDERECO,TELEFONE,MATRICULA) values ('90721105','Judy Cruz','2589 Talmadge Circle','8503817364279','38');
Insert into VIDEOCLUB.SOCIO (CPF,NOME,ENDERECO,TELEFONE,MATRICULA) values ('932963353','Michelle Fernandez','63602 Mariners Cove Street','868275678538','39');
Insert into VIDEOCLUB.SOCIO (CPF,NOME,ENDERECO,TELEFONE,MATRICULA) values ('793826548','Roy Brown','268 Heath Drive','3859062909284','40');
Insert into VIDEOCLUB.SOCIO (CPF,NOME,ENDERECO,TELEFONE,MATRICULA) values ('210227124','Justin Thomas','2179 Cody Parkway','9672889677178','41');
Insert into VIDEOCLUB.SOCIO (CPF,NOME,ENDERECO,TELEFONE,MATRICULA) values ('604812863','Tammy Bryant','77850 Mcguire Lane','823588084107','42');
Insert into VIDEOCLUB.SOCIO (CPF,NOME,ENDERECO,TELEFONE,MATRICULA) values ('835712677','Debra Anderson','53495 Green Point','559212679739','43');
Insert into VIDEOCLUB.SOCIO (CPF,NOME,ENDERECO,TELEFONE,MATRICULA) values ('600891935','Stephen Graham','51 Park Meadow Drive','863705959216','44');
Insert into VIDEOCLUB.SOCIO (CPF,NOME,ENDERECO,TELEFONE,MATRICULA) values ('514348285','Pamela Chavez','340 Linden Court','551777677640','45');
Insert into VIDEOCLUB.SOCIO (CPF,NOME,ENDERECO,TELEFONE,MATRICULA) values ('181872437','Laura Henderson','2357 Fairview Point','866262109633','46');
Insert into VIDEOCLUB.SOCIO (CPF,NOME,ENDERECO,TELEFONE,MATRICULA) values ('61874422','Theresa Cunningham','2 Oakridge Crossing','622941422920','47');
Insert into VIDEOCLUB.SOCIO (CPF,NOME,ENDERECO,TELEFONE,MATRICULA) values ('407296465','Edward Fisher','88524 Warbler Avenue','816168550093','48');
Insert into VIDEOCLUB.SOCIO (CPF,NOME,ENDERECO,TELEFONE,MATRICULA) values ('676392807','Ashley Reyes','76 Eastlawn Road','74531042777','49');
Insert into VIDEOCLUB.SOCIO (CPF,NOME,ENDERECO,TELEFONE,MATRICULA) values ('329620489','Michael Willis','777 Russell Pass','865857539519','50');
Insert into VIDEOCLUB.SOCIO (CPF,NOME,ENDERECO,TELEFONE,MATRICULA) values ('667539772','Nancy Long','2337 Farragut Junction','864428794449','51');
Insert into VIDEOCLUB.SOCIO (CPF,NOME,ENDERECO,TELEFONE,MATRICULA) values ('848162595','Katherine Powell','5316 Cordelia Parkway','811291465617','52');
Insert into VIDEOCLUB.SOCIO (CPF,NOME,ENDERECO,TELEFONE,MATRICULA) values ('684301926','Brian Matthews','0 Lunder Avenue','3854016984560','53');
Insert into VIDEOCLUB.SOCIO (CPF,NOME,ENDERECO,TELEFONE,MATRICULA) values ('867035639','Edward Boyd','1 Surrey Avenue','868128979897','54');
Insert into VIDEOCLUB.SOCIO (CPF,NOME,ENDERECO,TELEFONE,MATRICULA) values ('703136546','Emily Pierce','084 Hayes Trail','861794818576','55');
Insert into VIDEOCLUB.SOCIO (CPF,NOME,ENDERECO,TELEFONE,MATRICULA) values ('844407861','Frances Nelson','05410 Randy Court','625316042209','56');
Insert into VIDEOCLUB.SOCIO (CPF,NOME,ENDERECO,TELEFONE,MATRICULA) values ('829783209','James Sanchez','50 Mariners Cove Trail','14082873204','57');
Insert into VIDEOCLUB.SOCIO (CPF,NOME,ENDERECO,TELEFONE,MATRICULA) values ('582198928','Lillian Kennedy','1 Bartelt Center','932537814868','58');
Insert into VIDEOCLUB.SOCIO (CPF,NOME,ENDERECO,TELEFONE,MATRICULA) values ('988970668','Phyllis Hicks','47 Gale Pass','3514984448281','59');
Insert into VIDEOCLUB.SOCIO (CPF,NOME,ENDERECO,TELEFONE,MATRICULA) values ('693469343','Deborah Mendoza','5569 Ridgeview Way','3514648213851','60');
Insert into VIDEOCLUB.SOCIO (CPF,NOME,ENDERECO,TELEFONE,MATRICULA) values ('851301525','Joe Hunt','13 1st Alley','863558986860','61');
Insert into VIDEOCLUB.SOCIO (CPF,NOME,ENDERECO,TELEFONE,MATRICULA) values ('938777437','Eugene Carr','28 Sloan Junction','552899980409','62');
REM INSERTING into VIDEOCLUB.USUARIOS
SET DEFINE OFF;
Insert into VIDEOCLUB.USUARIOS (USUARIO,SENHA,ID) values ('patrick','teste','21');
REM INSERTING into VIDEOCLUB.MGV_ALL_TABLES
SET DEFINE OFF;
--------------------------------------------------------
--  DDL for Index ATOR_PK
--------------------------------------------------------

  CREATE UNIQUE INDEX "VIDEOCLUB"."ATOR_PK" ON "VIDEOCLUB"."ATOR" ("ID") 
  PCTFREE 10 INITRANS 2 MAXTRANS 255 COMPUTE STATISTICS 
  STORAGE(INITIAL 65536 NEXT 1048576 MINEXTENTS 1 MAXEXTENTS 2147483645
  PCTINCREASE 0 FREELISTS 1 FREELIST GROUPS 1 BUFFER_POOL DEFAULT FLASH_CACHE DEFAULT CELL_FLASH_CACHE DEFAULT)
  TABLESPACE "TBS_DADOS" ;
--------------------------------------------------------
--  DDL for Index DIRETOR_PK
--------------------------------------------------------

  CREATE UNIQUE INDEX "VIDEOCLUB"."DIRETOR_PK" ON "VIDEOCLUB"."DIRETOR" ("ID") 
  PCTFREE 10 INITRANS 2 MAXTRANS 255 COMPUTE STATISTICS 
  STORAGE(INITIAL 65536 NEXT 1048576 MINEXTENTS 1 MAXEXTENTS 2147483645
  PCTINCREASE 0 FREELISTS 1 FREELIST GROUPS 1 BUFFER_POOL DEFAULT FLASH_CACHE DEFAULT CELL_FLASH_CACHE DEFAULT)
  TABLESPACE "TBS_DADOS" ;
--------------------------------------------------------
--  DDL for Index FILME_PK
--------------------------------------------------------

  CREATE UNIQUE INDEX "VIDEOCLUB"."FILME_PK" ON "VIDEOCLUB"."FILME" ("ID") 
  PCTFREE 10 INITRANS 2 MAXTRANS 255 COMPUTE STATISTICS 
  STORAGE(INITIAL 65536 NEXT 1048576 MINEXTENTS 1 MAXEXTENTS 2147483645
  PCTINCREASE 0 FREELISTS 1 FREELIST GROUPS 1 BUFFER_POOL DEFAULT FLASH_CACHE DEFAULT CELL_FLASH_CACHE DEFAULT)
  TABLESPACE "TBS_DADOS" ;
--------------------------------------------------------
--  DDL for Index GENERO_PK
--------------------------------------------------------

  CREATE UNIQUE INDEX "VIDEOCLUB"."GENERO_PK" ON "VIDEOCLUB"."GENERO" ("ID") 
  PCTFREE 10 INITRANS 2 MAXTRANS 255 COMPUTE STATISTICS 
  STORAGE(INITIAL 65536 NEXT 1048576 MINEXTENTS 1 MAXEXTENTS 2147483645
  PCTINCREASE 0 FREELISTS 1 FREELIST GROUPS 1 BUFFER_POOL DEFAULT FLASH_CACHE DEFAULT CELL_FLASH_CACHE DEFAULT)
  TABLESPACE "TBS_DADOS" ;
--------------------------------------------------------
--  DDL for Index SOCIO_PK
--------------------------------------------------------

  CREATE UNIQUE INDEX "VIDEOCLUB"."SOCIO_PK" ON "VIDEOCLUB"."SOCIO" ("MATRICULA") 
  PCTFREE 10 INITRANS 2 MAXTRANS 255 COMPUTE STATISTICS 
  STORAGE(INITIAL 65536 NEXT 1048576 MINEXTENTS 1 MAXEXTENTS 2147483645
  PCTINCREASE 0 FREELISTS 1 FREELIST GROUPS 1 BUFFER_POOL DEFAULT FLASH_CACHE DEFAULT CELL_FLASH_CACHE DEFAULT)
  TABLESPACE "TBS_DADOS" ;
--------------------------------------------------------
--  DDL for Trigger ATOR_TRG1
--------------------------------------------------------

  CREATE OR REPLACE TRIGGER "VIDEOCLUB"."ATOR_TRG1" 
BEFORE INSERT ON ATOR 
FOR EACH ROW 
BEGIN
  <<COLUMN_SEQUENCES>>
  BEGIN
    IF INSERTING AND :NEW.ID IS NULL THEN
      SELECT ATOR_SEQ1.NEXTVAL INTO :NEW.ID FROM SYS.DUAL;
    END IF;
  END COLUMN_SEQUENCES;
END;
/
ALTER TRIGGER "VIDEOCLUB"."ATOR_TRG1" ENABLE;
--------------------------------------------------------
--  DDL for Trigger COPIAS_TRG
--------------------------------------------------------

  CREATE OR REPLACE TRIGGER "VIDEOCLUB"."COPIAS_TRG" 
BEFORE INSERT ON COPIAS 
FOR EACH ROW 
BEGIN
  <<COLUMN_SEQUENCES>>
  BEGIN
    NULL;
  END COLUMN_SEQUENCES;
END;
/
ALTER TRIGGER "VIDEOCLUB"."COPIAS_TRG" ENABLE;
--------------------------------------------------------
--  DDL for Trigger COPIAS_TRG1
--------------------------------------------------------

  CREATE OR REPLACE TRIGGER "VIDEOCLUB"."COPIAS_TRG1" 
BEFORE INSERT ON COPIAS 
FOR EACH ROW 
BEGIN
  <<COLUMN_SEQUENCES>>
  BEGIN
    IF INSERTING AND :NEW.ID IS NULL THEN
      SELECT COPIAS_SEQ1.NEXTVAL INTO :NEW.ID FROM SYS.DUAL;
    END IF;
  END COLUMN_SEQUENCES;
END;
/
ALTER TRIGGER "VIDEOCLUB"."COPIAS_TRG1" ENABLE;
--------------------------------------------------------
--  DDL for Trigger DIRETORES_TRG
--------------------------------------------------------

  CREATE OR REPLACE TRIGGER "VIDEOCLUB"."DIRETORES_TRG" 
BEFORE INSERT ON DIRETOR 
FOR EACH ROW 
BEGIN
  <<COLUMN_SEQUENCES>>
  BEGIN
    
      SELECT DIRETORES_SEQ.NEXTVAL INTO :NEW.ID FROM SYS.DUAL;
    
  END COLUMN_SEQUENCES;
END;
/
ALTER TRIGGER "VIDEOCLUB"."DIRETORES_TRG" ENABLE;
--------------------------------------------------------
--  DDL for Trigger EMPRESTIMO_TRG
--------------------------------------------------------

  CREATE OR REPLACE TRIGGER "VIDEOCLUB"."EMPRESTIMO_TRG" 
BEFORE INSERT ON EMPRESTIMO 
FOR EACH ROW 
BEGIN
  <<COLUMN_SEQUENCES>>
  BEGIN
    IF INSERTING AND :NEW.IDEMPRESTIMO IS NULL THEN
      SELECT EMPRESTIMO_SEQ.NEXTVAL INTO :NEW.IDEMPRESTIMO FROM SYS.DUAL;
    END IF;
  END COLUMN_SEQUENCES;
END;
/
ALTER TRIGGER "VIDEOCLUB"."EMPRESTIMO_TRG" ENABLE;
--------------------------------------------------------
--  DDL for Trigger FILME_TRG
--------------------------------------------------------

  CREATE OR REPLACE TRIGGER "VIDEOCLUB"."FILME_TRG" 
BEFORE INSERT ON FILME 
FOR EACH ROW 
BEGIN
  <<COLUMN_SEQUENCES>>
  BEGIN
    IF INSERTING AND :NEW.ID IS NULL THEN
      SELECT FILME_SEQ.NEXTVAL INTO :NEW.ID FROM SYS.DUAL;
    END IF;
  END COLUMN_SEQUENCES;
END;
/
ALTER TRIGGER "VIDEOCLUB"."FILME_TRG" ENABLE;
--------------------------------------------------------
--  DDL for Trigger GENERO_TRG
--------------------------------------------------------

  CREATE OR REPLACE TRIGGER "VIDEOCLUB"."GENERO_TRG" 
BEFORE INSERT ON GENERO 
FOR EACH ROW 
BEGIN
  <<COLUMN_SEQUENCES>>
  BEGIN
    IF INSERTING AND :NEW.ID IS NULL THEN
      SELECT GENERO_SEQ.NEXTVAL INTO :NEW.ID FROM SYS.DUAL;
    END IF;
  END COLUMN_SEQUENCES;
END;
/
ALTER TRIGGER "VIDEOCLUB"."GENERO_TRG" ENABLE;
--------------------------------------------------------
--  DDL for Trigger SOCIO_TRG
--------------------------------------------------------

  CREATE OR REPLACE TRIGGER "VIDEOCLUB"."SOCIO_TRG" 
BEFORE INSERT ON SOCIO 
FOR EACH ROW 
BEGIN
  <<COLUMN_SEQUENCES>>
  BEGIN
    SELECT SOCIO_SEQ.NEXTVAL INTO :NEW.MATRICULA FROM SYS.DUAL;
    /*IF INSERTING AND :NEW.MATRICULA IS NULL THEN
      SELECT SOCIO_SEQ.NEXTVAL INTO :NEW.MATRICULA FROM SYS.DUAL;
    END IF;*/
  END COLUMN_SEQUENCES;
END;
/
ALTER TRIGGER "VIDEOCLUB"."SOCIO_TRG" ENABLE;
--------------------------------------------------------
--  DDL for Trigger USERS_TRG
--------------------------------------------------------

  CREATE OR REPLACE TRIGGER "VIDEOCLUB"."USERS_TRG" 
BEFORE INSERT ON USUARIOS 
FOR EACH ROW 
BEGIN
  <<COLUMN_SEQUENCES>>
  BEGIN
    IF INSERTING AND :NEW.ID IS NULL THEN
      SELECT USERS_SEQ.NEXTVAL INTO :NEW.ID FROM SYS.DUAL;
    END IF;
  END COLUMN_SEQUENCES;
END;
/
ALTER TRIGGER "VIDEOCLUB"."USERS_TRG" ENABLE;
--------------------------------------------------------
--  Constraints for Table ATOR
--------------------------------------------------------

  ALTER TABLE "VIDEOCLUB"."ATOR" ADD CONSTRAINT "ATOR_PK" PRIMARY KEY ("ID")
  USING INDEX PCTFREE 10 INITRANS 2 MAXTRANS 255 COMPUTE STATISTICS 
  STORAGE(INITIAL 65536 NEXT 1048576 MINEXTENTS 1 MAXEXTENTS 2147483645
  PCTINCREASE 0 FREELISTS 1 FREELIST GROUPS 1 BUFFER_POOL DEFAULT FLASH_CACHE DEFAULT CELL_FLASH_CACHE DEFAULT)
  TABLESPACE "TBS_DADOS"  ENABLE;
  ALTER TABLE "VIDEOCLUB"."ATOR" MODIFY ("ID" NOT NULL ENABLE);
--------------------------------------------------------
--  Constraints for Table DIRETOR
--------------------------------------------------------

  ALTER TABLE "VIDEOCLUB"."DIRETOR" ADD CONSTRAINT "DIRETOR_PK" PRIMARY KEY ("ID")
  USING INDEX PCTFREE 10 INITRANS 2 MAXTRANS 255 COMPUTE STATISTICS 
  STORAGE(INITIAL 65536 NEXT 1048576 MINEXTENTS 1 MAXEXTENTS 2147483645
  PCTINCREASE 0 FREELISTS 1 FREELIST GROUPS 1 BUFFER_POOL DEFAULT FLASH_CACHE DEFAULT CELL_FLASH_CACHE DEFAULT)
  TABLESPACE "TBS_DADOS"  ENABLE;
  ALTER TABLE "VIDEOCLUB"."DIRETOR" MODIFY ("ID" NOT NULL ENABLE);
--------------------------------------------------------
--  Constraints for Table FILME
--------------------------------------------------------

  ALTER TABLE "VIDEOCLUB"."FILME" ADD CONSTRAINT "FILME_PK" PRIMARY KEY ("ID")
  USING INDEX PCTFREE 10 INITRANS 2 MAXTRANS 255 COMPUTE STATISTICS 
  STORAGE(INITIAL 65536 NEXT 1048576 MINEXTENTS 1 MAXEXTENTS 2147483645
  PCTINCREASE 0 FREELISTS 1 FREELIST GROUPS 1 BUFFER_POOL DEFAULT FLASH_CACHE DEFAULT CELL_FLASH_CACHE DEFAULT)
  TABLESPACE "TBS_DADOS"  ENABLE;
  ALTER TABLE "VIDEOCLUB"."FILME" MODIFY ("ID" NOT NULL ENABLE);
--------------------------------------------------------
--  Constraints for Table GENERO
--------------------------------------------------------

  ALTER TABLE "VIDEOCLUB"."GENERO" ADD CONSTRAINT "GENERO_PK" PRIMARY KEY ("ID")
  USING INDEX PCTFREE 10 INITRANS 2 MAXTRANS 255 COMPUTE STATISTICS 
  STORAGE(INITIAL 65536 NEXT 1048576 MINEXTENTS 1 MAXEXTENTS 2147483645
  PCTINCREASE 0 FREELISTS 1 FREELIST GROUPS 1 BUFFER_POOL DEFAULT FLASH_CACHE DEFAULT CELL_FLASH_CACHE DEFAULT)
  TABLESPACE "TBS_DADOS"  ENABLE;
  ALTER TABLE "VIDEOCLUB"."GENERO" MODIFY ("ID" NOT NULL ENABLE);
--------------------------------------------------------
--  Constraints for Table SOCIO
--------------------------------------------------------

  ALTER TABLE "VIDEOCLUB"."SOCIO" ADD CONSTRAINT "SOCIO_PK" PRIMARY KEY ("MATRICULA")
  USING INDEX PCTFREE 10 INITRANS 2 MAXTRANS 255 COMPUTE STATISTICS 
  STORAGE(INITIAL 65536 NEXT 1048576 MINEXTENTS 1 MAXEXTENTS 2147483645
  PCTINCREASE 0 FREELISTS 1 FREELIST GROUPS 1 BUFFER_POOL DEFAULT FLASH_CACHE DEFAULT CELL_FLASH_CACHE DEFAULT)
  TABLESPACE "TBS_DADOS"  ENABLE;
  ALTER TABLE "VIDEOCLUB"."SOCIO" MODIFY ("MATRICULA" NOT NULL ENABLE);
  ALTER TABLE "VIDEOCLUB"."SOCIO" MODIFY ("CPF" NOT NULL ENABLE);
  ALTER TABLE "VIDEOCLUB"."SOCIO" MODIFY ("NOME" NOT NULL ENABLE);
--------------------------------------------------------
--  Ref Constraints for Table FILME
--------------------------------------------------------

  ALTER TABLE "VIDEOCLUB"."FILME" ADD CONSTRAINT "FILME_FK1" FOREIGN KEY ("ID")
	  REFERENCES "VIDEOCLUB"."FILME" ("ID") ENABLE;
